../Images/DataSet\Bad_001_Augment_01.png,0.00016545591643080115,0.9998345375061035,1
../Images/DataSet\Bad_001_Augment_02.png,1.246911779162474e-05,0.9999874830245972,1
../Images/DataSet\Bad_001_Augment_03.png,0.0001155840145656839,0.9998843669891357,1
../Images/DataSet\Bad_001_Augment_04.png,0.00011472205369500443,0.9998853206634521,1
../Images/DataSet\Bad_001_Augment_05.png,0.0003694439656101167,0.9996305704116821,1
../Images/DataSet\Bad_001_Augment_06.png,1.56087517098058e-05,0.9999843835830688,1
../Images/DataSet\Bad_001_Augment_07.png,0.0005546294851228595,0.999445378780365,1
../Images/DataSet\Bad_001_Augment_08.png,6.658744950982509e-06,0.9999933242797852,1
../Images/DataSet\Bad_002_Augment_01.png,5.3178947467813487e-08,1.0,1
../Images/DataSet\Bad_002_Augment_02.png,6.22168228048281e-09,1.0,1
../Images/DataSet\Bad_002_Augment_03.png,2.705111468159771e-09,1.0,1
../Images/DataSet\Bad_002_Augment_04.png,2.5909969725290694e-09,1.0,1
../Images/DataSet\Bad_002_Augment_05.png,2.303635028511053e-06,0.9999977350234985,1
../Images/DataSet\Bad_002_Augment_06.png,8.912489875001484e-07,0.9999991655349731,1
../Images/DataSet\Bad_002_Augment_07.png,1.3028463285991165e-07,0.9999998807907104,1
../Images/DataSet\Bad_002_Augment_08.png,2.031298151905503e-08,1.0,1
../Images/DataSet\Bad_003_Augment_01.png,8.295850420836359e-05,0.9999170303344727,1
../Images/DataSet\Bad_003_Augment_02.png,0.00010809490049723536,0.9998918771743774,1
../Images/DataSet\Bad_003_Augment_03.png,2.1083567844470963e-05,0.9999788999557495,1
../Images/DataSet\Bad_003_Augment_04.png,1.5253812307491899e-05,0.9999847412109375,1
../Images/DataSet\Bad_003_Augment_05.png,0.00033469501067884266,0.9996652603149414,1
../Images/DataSet\Bad_003_Augment_06.png,2.9575870939879678e-05,0.9999704360961914,1
../Images/DataSet\Bad_003_Augment_07.png,0.000847809249535203,0.9991521835327148,1
../Images/DataSet\Bad_003_Augment_08.png,4.0201972296927124e-05,0.9999598264694214,1
../Images/DataSet\Bad_005_Augment_01.png,8.409446309087798e-05,0.9999159574508667,1
../Images/DataSet\Bad_005_Augment_02.png,2.868969659175491e-06,0.9999971389770508,1
../Images/DataSet\Bad_005_Augment_03.png,1.4066445146454498e-05,0.999985933303833,1
../Images/DataSet\Bad_005_Augment_04.png,9.943569523329643e-08,0.9999998807907104,1
../Images/DataSet\Bad_005_Augment_05.png,6.593427679035813e-05,0.9999340772628784,1
../Images/DataSet\Bad_005_Augment_06.png,9.225814068258842e-08,0.9999998807907104,1
../Images/DataSet\Bad_005_Augment_07.png,0.00012211959983687848,0.9998778104782104,1
../Images/DataSet\Bad_005_Augment_08.png,2.4309695589863622e-08,1.0,1
../Images/DataSet\Bad_006_Augment_01.png,6.834422492829617e-06,0.9999932050704956,1
../Images/DataSet\Bad_006_Augment_02.png,1.4866690207782085e-06,0.9999985694885254,1
../Images/DataSet\Bad_006_Augment_03.png,1.1523397006385494e-05,0.9999884366989136,1
../Images/DataSet\Bad_006_Augment_04.png,1.1159850998865295e-07,0.9999998807907104,1
../Images/DataSet\Bad_006_Augment_05.png,1.3988355931360275e-06,0.9999985694885254,1
../Images/DataSet\Bad_006_Augment_06.png,1.0250308832837618e-06,0.999998927116394,1
../Images/DataSet\Bad_006_Augment_07.png,1.1231724101889995e-06,0.999998927116394,1
../Images/DataSet\Bad_006_Augment_08.png,5.36437994469452e-07,0.9999995231628418,1
../Images/DataSet\Bad_007_Augment_01.png,0.0009109053644351661,0.9990891218185425,1
../Images/DataSet\Bad_007_Augment_02.png,0.00026582571445032954,0.999734103679657,1
../Images/DataSet\Bad_007_Augment_03.png,1.7922722690855153e-05,0.9999821186065674,1
../Images/DataSet\Bad_007_Augment_04.png,3.4290707162654144e-07,0.9999996423721313,1
../Images/DataSet\Bad_007_Augment_05.png,0.0010547316633164883,0.9989452958106995,1
../Images/DataSet\Bad_007_Augment_06.png,0.00025813336833380163,0.9997418522834778,1
../Images/DataSet\Bad_007_Augment_07.png,7.37084264983423e-05,0.9999263286590576,1
../Images/DataSet\Bad_007_Augment_08.png,5.273775241221301e-05,0.9999473094940186,1
../Images/DataSet\Bad_008_Augment_01.png,0.00017636449774727225,0.9998236298561096,1
../Images/DataSet\Bad_008_Augment_02.png,4.338156486483058e-06,0.9999957084655762,1
../Images/DataSet\Bad_008_Augment_03.png,6.330515316221863e-05,0.9999366998672485,1
../Images/DataSet\Bad_008_Augment_04.png,0.00029794880538247526,0.9997020363807678,1
../Images/DataSet\Bad_008_Augment_05.png,1.6975334801827557e-05,0.9999830722808838,1
../Images/DataSet\Bad_008_Augment_06.png,9.812100643102895e-07,0.9999990463256836,1
../Images/DataSet\Bad_008_Augment_07.png,0.0003478344005998224,0.9996521472930908,1
../Images/DataSet\Bad_008_Augment_08.png,0.0040599568746984005,0.995940089225769,1
../Images/DataSet\Bad_012_Augment_01.png,1.6651545919899036e-08,1.0,1
../Images/DataSet\Bad_012_Augment_02.png,0.0002728643885347992,0.9997270703315735,1
../Images/DataSet\Bad_012_Augment_03.png,2.2625715700996807e-06,0.9999977350234985,1
../Images/DataSet\Bad_012_Augment_04.png,0.0007341753225773573,0.9992658495903015,1
../Images/DataSet\Bad_012_Augment_05.png,2.0599106846930226e-06,0.9999979734420776,1
../Images/DataSet\Bad_012_Augment_06.png,2.4975968699436635e-05,0.9999749660491943,1
../Images/DataSet\Bad_012_Augment_07.png,2.3429568329902395e-07,0.9999997615814209,1
../Images/DataSet\Bad_012_Augment_08.png,2.591770225990331e-06,0.9999973773956299,1
../Images/DataSet\Bad_015_Augment_01.png,1.0851872289663334e-08,1.0,1
../Images/DataSet\Bad_015_Augment_02.png,1.6486893628098187e-08,1.0,1
../Images/DataSet\Bad_015_Augment_03.png,2.897206918817119e-08,1.0,1
../Images/DataSet\Bad_015_Augment_04.png,1.4613628529502876e-08,1.0,1
../Images/DataSet\Bad_015_Augment_05.png,9.446053716999359e-09,1.0,1
../Images/DataSet\Bad_015_Augment_06.png,1.8800095702431463e-08,1.0,1
../Images/DataSet\Bad_015_Augment_07.png,2.4346631377625272e-08,1.0,1
../Images/DataSet\Bad_015_Augment_08.png,4.1181223764397146e-08,1.0,1
../Images/DataSet\Bad_016_Augment_01.png,6.174292366267764e-07,0.9999994039535522,1
../Images/DataSet\Bad_016_Augment_02.png,4.2065843786076584e-07,0.9999995231628418,1
../Images/DataSet\Bad_016_Augment_03.png,2.6937505026580766e-07,0.9999997615814209,1
../Images/DataSet\Bad_016_Augment_04.png,4.3645050595841894e-07,0.9999995231628418,1
../Images/DataSet\Bad_016_Augment_05.png,9.787784449599712e-08,0.9999998807907104,1
../Images/DataSet\Bad_016_Augment_06.png,5.385230679166852e-07,0.9999994039535522,1
../Images/DataSet\Bad_016_Augment_07.png,1.1463521332188975e-06,0.9999988079071045,1
../Images/DataSet\Bad_016_Augment_08.png,8.441339218734356e-07,0.9999991655349731,1
../Images/DataSet\Bad_017_Augment_01.png,8.545448508812115e-05,0.9999145269393921,1
../Images/DataSet\Bad_017_Augment_02.png,1.9830304154311307e-05,0.9999802112579346,1
../Images/DataSet\Bad_017_Augment_03.png,0.0002678171149455011,0.9997321963310242,1
../Images/DataSet\Bad_017_Augment_04.png,2.8124970413045958e-05,0.999971866607666,1
../Images/DataSet\Bad_017_Augment_05.png,0.000171346400748007,0.999828577041626,1
../Images/DataSet\Bad_017_Augment_06.png,6.592262707272312e-06,0.9999934434890747,1
../Images/DataSet\Bad_017_Augment_07.png,0.0005485519068315625,0.9994514584541321,1
../Images/DataSet\Bad_017_Augment_08.png,1.2576278095366433e-05,0.9999874830245972,1
../Images/DataSet\Bad_018_Augment_01.png,3.908312180556095e-07,0.9999996423721313,1
../Images/DataSet\Bad_018_Augment_02.png,3.672209686556016e-06,0.9999963045120239,1
../Images/DataSet\Bad_018_Augment_03.png,5.917509042774327e-07,0.9999994039535522,1
../Images/DataSet\Bad_018_Augment_04.png,3.972771082771942e-06,0.9999960660934448,1
../Images/DataSet\Bad_018_Augment_05.png,5.9370613598730415e-06,0.9999940395355225,1
../Images/DataSet\Bad_018_Augment_06.png,5.9055232668470126e-06,0.9999940395355225,1
../Images/DataSet\Bad_018_Augment_07.png,4.776185846822045e-07,0.9999995231628418,1
../Images/DataSet\Bad_018_Augment_08.png,3.3558720247128804e-09,1.0,1
../Images/DataSet\Bad_019_Augment_01.png,0.0006319712265394628,0.9993680119514465,1
../Images/DataSet\Bad_019_Augment_02.png,3.5430805382929975e-06,0.9999964237213135,1
../Images/DataSet\Bad_019_Augment_03.png,0.00013402172771748155,0.9998660087585449,1
../Images/DataSet\Bad_019_Augment_04.png,8.284068826469593e-06,0.999991774559021,1
../Images/DataSet\Bad_019_Augment_05.png,1.2831780622946098e-05,0.9999871253967285,1
../Images/DataSet\Bad_019_Augment_06.png,1.1666026011880604e-07,0.9999998807907104,1
../Images/DataSet\Bad_019_Augment_07.png,1.4653826951871451e-07,0.9999998807907104,1
../Images/DataSet\Bad_019_Augment_08.png,3.0042294838494854e-06,0.9999970197677612,1
../Images/DataSet\Bad_020_Augment_01.png,2.225487151008565e-06,0.9999977350234985,1
../Images/DataSet\Bad_020_Augment_02.png,6.130385372671299e-06,0.9999939203262329,1
../Images/DataSet\Bad_020_Augment_03.png,0.0016402681358158588,0.998359739780426,1
../Images/DataSet\Bad_020_Augment_04.png,0.0002274092985317111,0.9997726082801819,1
../Images/DataSet\Bad_020_Augment_05.png,2.850378450602875e-06,0.9999971389770508,1
../Images/DataSet\Bad_020_Augment_06.png,1.577017805232117e-08,1.0,1
../Images/DataSet\Bad_020_Augment_07.png,1.349620106338989e-06,0.9999986886978149,1
../Images/DataSet\Bad_020_Augment_08.png,2.4665348973940127e-05,0.999975323677063,1
../Images/DataSet\Bad_021_Augment_01.png,2.1113978618814144e-06,0.9999978542327881,1
../Images/DataSet\Bad_021_Augment_02.png,2.1641168132191524e-05,0.9999783039093018,1
../Images/DataSet\Bad_021_Augment_03.png,9.09474547370337e-05,0.9999090433120728,1
../Images/DataSet\Bad_021_Augment_04.png,1.689862801868003e-05,0.9999830722808838,1
../Images/DataSet\Bad_021_Augment_05.png,1.3205064419707924e-07,0.9999998807907104,1
../Images/DataSet\Bad_021_Augment_06.png,2.2077608718973352e-07,0.9999997615814209,1
../Images/DataSet\Bad_021_Augment_07.png,5.1904298743465915e-06,0.9999947547912598,1
../Images/DataSet\Bad_021_Augment_08.png,1.450867966923397e-05,0.9999854564666748,1
../Images/DataSet\Bad_022_Augment_01.png,4.0930882505563204e-07,0.9999996423721313,1
../Images/DataSet\Bad_022_Augment_02.png,9.883957318379544e-06,0.9999901056289673,1
../Images/DataSet\Bad_022_Augment_03.png,5.290263743518153e-06,0.9999947547912598,1
../Images/DataSet\Bad_022_Augment_04.png,6.062409283913439e-06,0.9999939203262329,1
../Images/DataSet\Bad_022_Augment_05.png,3.312320302484295e-07,0.9999996423721313,1
../Images/DataSet\Bad_022_Augment_06.png,1.2576208519021748e-06,0.9999986886978149,1
../Images/DataSet\Bad_022_Augment_07.png,3.379851932550082e-06,0.9999966621398926,1
../Images/DataSet\Bad_022_Augment_08.png,1.3509542213796522e-06,0.9999986886978149,1
../Images/DataSet\Bad_023_Augment_01.png,9.49775085246074e-07,0.9999990463256836,1
../Images/DataSet\Bad_023_Augment_02.png,4.708412234322168e-05,0.9999529123306274,1
../Images/DataSet\Bad_023_Augment_03.png,6.47943488729652e-06,0.9999935626983643,1
../Images/DataSet\Bad_023_Augment_04.png,4.034645826322958e-05,0.9999597072601318,1
../Images/DataSet\Bad_023_Augment_05.png,0.001044748118147254,0.998955249786377,1
../Images/DataSet\Bad_023_Augment_06.png,1.8108678432326997e-06,0.9999982118606567,1
../Images/DataSet\Bad_023_Augment_07.png,9.888341310215765e-07,0.9999990463256836,1
../Images/DataSet\Bad_023_Augment_08.png,8.842416718835011e-06,0.9999911785125732,1
../Images/DataSet\Bad_024_Augment_01.png,0.00020250986563041806,0.999797523021698,1
../Images/DataSet\Bad_024_Augment_02.png,1.2933408470416907e-05,0.9999871253967285,1
../Images/DataSet\Bad_024_Augment_03.png,0.0002502697752788663,0.9997497200965881,1
../Images/DataSet\Bad_024_Augment_04.png,1.4028528312337585e-06,0.9999985694885254,1
../Images/DataSet\Bad_024_Augment_05.png,1.2184352726762882e-06,0.9999988079071045,1
../Images/DataSet\Bad_024_Augment_06.png,1.5975483620422892e-05,0.9999840259552002,1
../Images/DataSet\Bad_024_Augment_07.png,0.0009657872142270207,0.9990342855453491,1
../Images/DataSet\Bad_024_Augment_08.png,3.7964925923006376e-06,0.9999961853027344,1
../Images/DataSet\Bad_025_Augment_01.png,6.852631173615009e-08,0.9999998807907104,1
../Images/DataSet\Bad_025_Augment_02.png,1.9689462078531506e-06,0.9999979734420776,1
../Images/DataSet\Bad_025_Augment_03.png,2.0946368749719113e-05,0.9999790191650391,1
../Images/DataSet\Bad_025_Augment_04.png,2.4467948605888523e-05,0.9999755620956421,1
../Images/DataSet\Bad_025_Augment_05.png,1.2915930710732937e-05,0.9999871253967285,1
../Images/DataSet\Bad_025_Augment_06.png,3.418916094233282e-06,0.999996542930603,1
../Images/DataSet\Bad_025_Augment_07.png,3.876562857385579e-07,0.9999996423721313,1
../Images/DataSet\Bad_025_Augment_08.png,1.2987816262466367e-05,0.999987006187439,1
../Images/DataSet\Bad_026_Augment_01.png,4.1377166780875996e-05,0.9999586343765259,1
../Images/DataSet\Bad_026_Augment_02.png,3.7831778172403574e-06,0.9999961853027344,1
../Images/DataSet\Bad_026_Augment_03.png,7.844880747143179e-05,0.9999215602874756,1
../Images/DataSet\Bad_026_Augment_04.png,0.0003721245448105037,0.9996278285980225,1
../Images/DataSet\Bad_026_Augment_05.png,3.7562043871730566e-05,0.9999624490737915,1
../Images/DataSet\Bad_026_Augment_06.png,4.084983083885163e-05,0.9999591112136841,1
../Images/DataSet\Bad_026_Augment_07.png,7.527731668233173e-06,0.9999924898147583,1
../Images/DataSet\Bad_026_Augment_08.png,0.0001276111142942682,0.9998723268508911,1
../Images/DataSet\Bad_027_Augment_01.png,2.3789823444531066e-06,0.999997615814209,1
../Images/DataSet\Bad_027_Augment_02.png,1.1235886177018983e-07,0.9999998807907104,1
../Images/DataSet\Bad_027_Augment_03.png,0.00016545955440960824,0.9998345375061035,1
../Images/DataSet\Bad_027_Augment_04.png,3.2554007702856325e-06,0.9999967813491821,1
../Images/DataSet\Bad_027_Augment_05.png,4.090980780802056e-07,0.9999996423721313,1
../Images/DataSet\Bad_027_Augment_06.png,1.6738285921746865e-05,0.9999833106994629,1
../Images/DataSet\Bad_027_Augment_07.png,2.999571916006971e-05,0.9999699592590332,1
../Images/DataSet\Bad_027_Augment_08.png,5.082615098217502e-05,0.9999492168426514,1
../Images/DataSet\Bad_028_Augment_01.png,1.8285707028553588e-06,0.9999982118606567,1
../Images/DataSet\Bad_028_Augment_02.png,5.343411885405658e-06,0.9999946355819702,1
../Images/DataSet\Bad_028_Augment_03.png,6.105536158429459e-06,0.9999939203262329,1
../Images/DataSet\Bad_028_Augment_04.png,0.000641362858004868,0.999358594417572,1
../Images/DataSet\Bad_028_Augment_05.png,3.681498355945223e-06,0.9999963045120239,1
../Images/DataSet\Bad_028_Augment_06.png,5.580167794505542e-07,0.9999994039535522,1
../Images/DataSet\Bad_028_Augment_07.png,9.435449464945123e-05,0.9999055862426758,1
../Images/DataSet\Bad_028_Augment_08.png,0.00013805212802253664,0.9998619556427002,1
../Images/DataSet\Bad_030_Augment_01.png,2.3394072741211858e-06,0.999997615814209,1
../Images/DataSet\Bad_030_Augment_02.png,2.5052282580872998e-05,0.9999749660491943,1
../Images/DataSet\Bad_030_Augment_03.png,0.0007870187982916832,0.9992129802703857,1
../Images/DataSet\Bad_030_Augment_04.png,1.4288362137904187e-07,0.9999998807907104,1
../Images/DataSet\Bad_030_Augment_05.png,1.3812268662150018e-05,0.9999861717224121,1
../Images/DataSet\Bad_030_Augment_06.png,0.0003383896837476641,0.9996615648269653,1
../Images/DataSet\Bad_030_Augment_07.png,0.0008707692613825202,0.9991292357444763,1
../Images/DataSet\Bad_030_Augment_08.png,0.0005990620702505112,0.9994009733200073,1
../Images/DataSet\Bad_032_Augment_01.png,3.8099107769085094e-05,0.9999618530273438,1
../Images/DataSet\Bad_032_Augment_02.png,2.9366158287302824e-06,0.9999970197677612,1
../Images/DataSet\Bad_032_Augment_03.png,1.4087033832765883e-06,0.9999985694885254,1
../Images/DataSet\Bad_032_Augment_04.png,1.947946202562889e-06,0.9999980926513672,1
../Images/DataSet\Bad_032_Augment_05.png,5.885659447812941e-06,0.999994158744812,1
../Images/DataSet\Bad_032_Augment_06.png,4.807727691513719e-07,0.9999995231628418,1
../Images/DataSet\Bad_032_Augment_07.png,1.0031012607214507e-06,0.9999990463256836,1
../Images/DataSet\Bad_032_Augment_08.png,1.2063437679898925e-05,0.9999879598617554,1
../Images/DataSet\Bad_034_Augment_01.png,3.234669520679745e-06,0.9999967813491821,1
../Images/DataSet\Bad_034_Augment_02.png,4.153600002609892e-06,0.9999958276748657,1
../Images/DataSet\Bad_034_Augment_03.png,1.869061634351965e-05,0.9999812841415405,1
../Images/DataSet\Bad_034_Augment_04.png,3.4460792903701076e-06,0.999996542930603,1
../Images/DataSet\Bad_034_Augment_05.png,0.000726108206436038,0.999273955821991,1
../Images/DataSet\Bad_034_Augment_06.png,9.617266186978668e-06,0.9999903440475464,1
../Images/DataSet\Bad_034_Augment_07.png,2.388498432992492e-05,0.9999761581420898,1
../Images/DataSet\Bad_034_Augment_08.png,1.019463297780021e-06,0.999998927116394,1
../Images/DataSet\Bad_035_Augment_01.png,0.00015329613233916461,0.9998466968536377,1
../Images/DataSet\Bad_035_Augment_02.png,4.898729093838483e-05,0.9999510049819946,1
../Images/DataSet\Bad_035_Augment_03.png,8.633985999040306e-06,0.9999914169311523,1
../Images/DataSet\Bad_035_Augment_04.png,6.13762458669953e-05,0.9999386072158813,1
../Images/DataSet\Bad_035_Augment_05.png,1.6173693438759074e-05,0.9999837875366211,1
../Images/DataSet\Bad_035_Augment_06.png,7.446250674547628e-05,0.9999254941940308,1
../Images/DataSet\Bad_035_Augment_07.png,5.883712219656445e-06,0.999994158744812,1
../Images/DataSet\Bad_035_Augment_08.png,0.0003566048399079591,0.9996434450149536,1
../Images/DataSet\Bad_036_Augment_01.png,4.353198335138586e-07,0.9999995231628418,1
../Images/DataSet\Bad_036_Augment_02.png,5.058019723946927e-06,0.9999949932098389,1
../Images/DataSet\Bad_036_Augment_03.png,5.7846991694532335e-06,0.999994158744812,1
../Images/DataSet\Bad_036_Augment_04.png,1.3256573083708645e-06,0.9999986886978149,1
../Images/DataSet\Bad_036_Augment_05.png,1.1965745443376363e-06,0.9999988079071045,1
../Images/DataSet\Bad_036_Augment_06.png,3.2375999126088573e-07,0.9999996423721313,1
../Images/DataSet\Bad_036_Augment_07.png,3.5358129935048055e-07,0.9999996423721313,1
../Images/DataSet\Bad_036_Augment_08.png,8.311825183682231e-08,0.9999998807907104,1
../Images/DataSet\Bad_037_Augment_01.png,0.00013403718185145408,0.9998658895492554,1
../Images/DataSet\Bad_037_Augment_02.png,6.926441074028844e-07,0.9999992847442627,1
../Images/DataSet\Bad_037_Augment_03.png,7.738660497125238e-05,0.9999226331710815,1
../Images/DataSet\Bad_037_Augment_04.png,2.1930305592832156e-05,0.9999780654907227,1
../Images/DataSet\Bad_037_Augment_05.png,1.1723328498192132e-05,0.999988317489624,1
../Images/DataSet\Bad_037_Augment_06.png,4.363912012195215e-06,0.9999955892562866,1
../Images/DataSet\Bad_037_Augment_07.png,6.749415661033709e-06,0.9999932050704956,1
../Images/DataSet\Bad_037_Augment_08.png,8.394999895244837e-05,0.9999160766601562,1
../Images/DataSet\Bad_038_Augment_01.png,6.179857882671058e-05,0.9999382495880127,1
../Images/DataSet\Bad_038_Augment_02.png,5.538432787943748e-07,0.9999994039535522,1
../Images/DataSet\Bad_038_Augment_03.png,0.0001238165277754888,0.9998761415481567,1
../Images/DataSet\Bad_038_Augment_04.png,1.5723760952823795e-05,0.9999842643737793,1
../Images/DataSet\Bad_038_Augment_05.png,2.487359415681567e-05,0.9999750852584839,1
../Images/DataSet\Bad_038_Augment_06.png,3.3383034860889893e-06,0.9999966621398926,1
../Images/DataSet\Bad_038_Augment_07.png,7.327752882702043e-06,0.9999927282333374,1
../Images/DataSet\Bad_038_Augment_08.png,9.550458344165236e-05,0.9999045133590698,1
../Images/DataSet\Bad_039_Augment_01.png,4.105107564100763e-06,0.9999959468841553,1
../Images/DataSet\Bad_039_Augment_02.png,8.909991606742551e-07,0.9999991655349731,1
../Images/DataSet\Bad_039_Augment_03.png,7.39293682272546e-07,0.9999992847442627,1
../Images/DataSet\Bad_039_Augment_04.png,4.171102574446195e-08,1.0,1
../Images/DataSet\Bad_039_Augment_05.png,6.8155956434168274e-09,1.0,1
../Images/DataSet\Bad_039_Augment_06.png,8.787346672534113e-08,0.9999998807907104,1
../Images/DataSet\Bad_039_Augment_07.png,4.965145308233332e-07,0.9999995231628418,1
../Images/DataSet\Bad_039_Augment_08.png,9.335968798040994e-07,0.9999990463256836,1
../Images/DataSet\Bad_040_Augment_01.png,1.1084082871093415e-05,0.9999889135360718,1
../Images/DataSet\Bad_040_Augment_02.png,3.453398562669463e-07,0.9999996423721313,1
../Images/DataSet\Bad_040_Augment_03.png,2.9402355721686035e-05,0.999970555305481,1
../Images/DataSet\Bad_040_Augment_04.png,2.7025631425203755e-05,0.999972939491272,1
../Images/DataSet\Bad_040_Augment_05.png,1.0401609529253619e-07,0.9999998807907104,1
../Images/DataSet\Bad_040_Augment_06.png,4.348243720642131e-08,1.0,1
../Images/DataSet\Bad_040_Augment_07.png,2.3307627543545095e-06,0.999997615814209,1
../Images/DataSet\Bad_040_Augment_08.png,2.137289811798837e-05,0.9999786615371704,1
../Images/DataSet\Bad_041_Augment_01.png,2.95573574504715e-08,1.0,1
../Images/DataSet\Bad_041_Augment_02.png,1.6392956240451895e-05,0.999983549118042,1
../Images/DataSet\Bad_041_Augment_03.png,1.3891550452171941e-06,0.9999985694885254,1
../Images/DataSet\Bad_041_Augment_04.png,3.823219685727963e-06,0.9999961853027344,1
../Images/DataSet\Bad_041_Augment_05.png,5.075730769021902e-07,0.9999995231628418,1
../Images/DataSet\Bad_041_Augment_06.png,5.16926320415223e-06,0.9999948740005493,1
../Images/DataSet\Bad_041_Augment_07.png,4.8830003152033896e-08,1.0,1
../Images/DataSet\Bad_041_Augment_08.png,0.00010149076842935756,0.9998985528945923,1
../Images/DataSet\Bad_042_Augment_01.png,8.374122444365639e-07,0.9999991655349731,1
../Images/DataSet\Bad_042_Augment_02.png,5.415348596216063e-07,0.9999994039535522,1
../Images/DataSet\Bad_042_Augment_03.png,1.4873270401949412e-06,0.9999985694885254,1
../Images/DataSet\Bad_042_Augment_04.png,7.50393894577428e-07,0.9999992847442627,1
../Images/DataSet\Bad_042_Augment_05.png,9.451388905290514e-05,0.9999054670333862,1
../Images/DataSet\Bad_042_Augment_06.png,2.381202284595929e-05,0.9999761581420898,1
../Images/DataSet\Bad_042_Augment_07.png,0.00011803642701124772,0.9998819828033447,1
../Images/DataSet\Bad_042_Augment_08.png,9.199733540299349e-06,0.9999908208847046,1
../Images/DataSet\Bad_043_Augment_01.png,1.2711313956970116e-07,0.9999998807907104,1
../Images/DataSet\Bad_043_Augment_02.png,3.5106506857118802e-06,0.999996542930603,1
../Images/DataSet\Bad_043_Augment_03.png,1.270214397663949e-06,0.9999986886978149,1
../Images/DataSet\Bad_043_Augment_04.png,5.013544523535529e-06,0.9999949932098389,1
../Images/DataSet\Bad_043_Augment_05.png,5.8182195061817765e-05,0.9999418258666992,1
../Images/DataSet\Bad_043_Augment_06.png,7.261132850544527e-07,0.9999992847442627,1
../Images/DataSet\Bad_043_Augment_07.png,7.91121565271169e-05,0.9999208450317383,1
../Images/DataSet\Bad_043_Augment_08.png,1.7332222057575564e-07,0.9999998807907104,1
../Images/DataSet\Bad_044_Augment_01.png,1.5235288230996957e-07,0.9999998807907104,1
../Images/DataSet\Bad_044_Augment_02.png,1.6055005289672408e-06,0.9999984502792358,1
../Images/DataSet\Bad_044_Augment_03.png,6.813167487962346e-07,0.9999992847442627,1
../Images/DataSet\Bad_044_Augment_04.png,2.81355994502519e-07,0.9999997615814209,1
../Images/DataSet\Bad_044_Augment_05.png,1.1231472285544442e-07,0.9999998807907104,1
../Images/DataSet\Bad_044_Augment_06.png,7.708323437327635e-07,0.9999992847442627,1
../Images/DataSet\Bad_044_Augment_07.png,4.807719051314052e-06,0.999995231628418,1
../Images/DataSet\Bad_044_Augment_08.png,1.1745978554245085e-05,0.9999881982803345,1
../Images/DataSet\Bad_045_Augment_01.png,2.0485090317379218e-06,0.9999979734420776,1
../Images/DataSet\Bad_045_Augment_02.png,0.00013749563368037343,0.9998624324798584,1
../Images/DataSet\Bad_045_Augment_03.png,4.713016824098304e-05,0.9999529123306274,1
../Images/DataSet\Bad_045_Augment_04.png,3.0767571388423676e-06,0.9999969005584717,1
../Images/DataSet\Bad_045_Augment_05.png,2.5720111807459034e-05,0.999974250793457,1
../Images/DataSet\Bad_045_Augment_06.png,0.00023522617993876338,0.9997647404670715,1
../Images/DataSet\Bad_045_Augment_07.png,5.315997259458527e-05,0.9999468326568604,1
../Images/DataSet\Bad_045_Augment_08.png,8.131482172757387e-05,0.9999186992645264,1
../Images/DataSet\Bad_046_Augment_01.png,0.00012007326586171985,0.9998799562454224,1
../Images/DataSet\Bad_046_Augment_02.png,3.848710093734553e-06,0.9999961853027344,1
../Images/DataSet\Bad_046_Augment_03.png,0.0003376261447556317,0.9996623992919922,1
../Images/DataSet\Bad_046_Augment_04.png,8.547258039470762e-05,0.9999145269393921,1
../Images/DataSet\Bad_046_Augment_05.png,0.00013662940182257444,0.9998633861541748,1
../Images/DataSet\Bad_046_Augment_06.png,0.00024406799639109522,0.9997559189796448,1
../Images/DataSet\Bad_046_Augment_07.png,3.477378049865365e-05,0.9999651908874512,1
../Images/DataSet\Bad_046_Augment_08.png,0.0004718022246379405,0.999528169631958,1
../Images/DataSet\Good_001_Augment_01.png,0.9999991655349731,8.864689107213053e-07,0
../Images/DataSet\Good_001_Augment_02.png,0.9999998807907104,1.3248758534700755e-07,0
../Images/DataSet\Good_001_Augment_03.png,0.9999997615814209,2.7663864443638886e-07,0
../Images/DataSet\Good_001_Augment_04.png,1.0,1.4798662295589793e-09,0
../Images/DataSet\Good_001_Augment_05.png,1.0,9.126905453626932e-09,0
../Images/DataSet\Good_001_Augment_06.png,0.9999996423721313,3.179139014264365e-07,0
../Images/DataSet\Good_001_Augment_07.png,0.999988317489624,1.173070995719172e-05,0
../Images/DataSet\Good_001_Augment_08.png,0.9999843835830688,1.5610537957400084e-05,0
../Images/DataSet\Good_001_Augment_09.png,0.999996542930603,3.4016009067272535e-06,0
../Images/DataSet\Good_001_Augment_10.png,1.0,2.4232384987499245e-08,0
../Images/DataSet\Good_001_Augment_11.png,0.9999969005584717,3.089093752350891e-06,0
../Images/DataSet\Good_001_Augment_12.png,0.9999896287918091,1.035410605254583e-05,0
../Images/DataSet\Good_001_Augment_13.png,0.9999998807907104,1.0875954359335083e-07,0
../Images/DataSet\Good_001_Augment_14.png,0.9999998807907104,7.655489042690533e-08,0
../Images/DataSet\Good_001_Augment_15.png,0.9999905824661255,9.372452041134238e-06,0
../Images/DataSet\Good_001_Augment_16.png,1.0,2.7128530533104822e-08,0
../Images/DataSet\Good_001_Augment_17.png,0.999997615814209,2.3673153464187635e-06,0
../Images/DataSet\Good_001_Augment_18.png,0.9999997615814209,1.9856446442645392e-07,0
../Images/DataSet\Good_002_Augment_01.png,0.9996823072433472,0.0003176613536197692,0
../Images/DataSet\Good_002_Augment_02.png,0.999997615814209,2.3489578779845033e-06,0
../Images/DataSet\Good_002_Augment_03.png,0.9999865293502808,1.3515958016796503e-05,0
../Images/DataSet\Good_002_Augment_04.png,0.9999969005584717,3.096836735494435e-06,0
../Images/DataSet\Good_002_Augment_05.png,0.9998937845230103,0.00010624412243487313,0
../Images/DataSet\Good_002_Augment_06.png,0.9999510049819946,4.893452933174558e-05,0
../Images/DataSet\Good_002_Augment_07.png,0.9999961853027344,3.79231300939864e-06,0
../Images/DataSet\Good_002_Augment_08.png,0.9999997615814209,2.666862428668537e-07,0
../Images/DataSet\Good_002_Augment_09.png,0.999995231628418,4.741680186270969e-06,0
../Images/DataSet\Good_002_Augment_10.png,0.9917420148849487,0.008258000947535038,0
../Images/DataSet\Good_002_Augment_11.png,0.9999954700469971,4.472995442483807e-06,0
../Images/DataSet\Good_002_Augment_12.png,0.9999767541885376,2.3250673621078022e-05,0
../Images/DataSet\Good_002_Augment_13.png,0.9999978542327881,2.1108644432388246e-06,0
../Images/DataSet\Good_002_Augment_14.png,0.9999568462371826,4.3171974539291114e-05,0
../Images/DataSet\Good_002_Augment_15.png,0.9999985694885254,1.378319552713947e-06,0
../Images/DataSet\Good_002_Augment_16.png,0.999997615814209,2.3951727143867174e-06,0
../Images/DataSet\Good_002_Augment_17.png,1.0,5.946686698621306e-09,0
../Images/DataSet\Good_002_Augment_18.png,1.0,2.172657609378348e-08,0
../Images/DataSet\Good_003_Augment_01.png,0.9999085664749146,9.142517956206575e-05,0
../Images/DataSet\Good_003_Augment_02.png,0.9997417330741882,0.00025827885838225484,0
../Images/DataSet\Good_003_Augment_03.png,0.9998533725738525,0.0001466207322664559,0
../Images/DataSet\Good_003_Augment_04.png,0.9998136162757874,0.0001863874203991145,0
../Images/DataSet\Good_003_Augment_05.png,0.9999910593032837,8.9308505266672e-06,0
../Images/DataSet\Good_003_Augment_06.png,0.9999980926513672,1.9477381556498585e-06,0
../Images/DataSet\Good_003_Augment_07.png,0.9999628067016602,3.724942507687956e-05,0
../Images/DataSet\Good_003_Augment_08.png,0.9993928670883179,0.0006071444367989898,0
../Images/DataSet\Good_003_Augment_09.png,0.9999120235443115,8.79293293110095e-05,0
../Images/DataSet\Good_003_Augment_10.png,0.9996585845947266,0.00034142000367864966,0
../Images/DataSet\Good_003_Augment_11.png,0.9998927116394043,0.000107242536614649,0
../Images/DataSet\Good_003_Augment_12.png,0.9998563528060913,0.0001436398597434163,0
../Images/DataSet\Good_003_Augment_13.png,0.9998776912689209,0.00012232006702106446,0
../Images/DataSet\Good_003_Augment_14.png,0.9998989105224609,0.00010107556590810418,0
../Images/DataSet\Good_003_Augment_15.png,0.9999971389770508,2.8584552183019696e-06,0
../Images/DataSet\Good_003_Augment_16.png,0.9999562501907349,4.380608152132481e-05,0
../Images/DataSet\Good_003_Augment_17.png,0.999903678894043,9.630267595639452e-05,0
../Images/DataSet\Good_003_Augment_18.png,0.9999922513961792,7.785693014739081e-06,0
../Images/DataSet\Good_004_Augment_01.png,0.9999996423721313,3.343148193835077e-07,0
../Images/DataSet\Good_004_Augment_02.png,0.9999948740005493,5.082864390715258e-06,0
../Images/DataSet\Good_004_Augment_03.png,0.9996566772460938,0.00034330523340031505,0
../Images/DataSet\Good_004_Augment_04.png,0.9999990463256836,9.311658573096793e-07,0
../Images/DataSet\Good_004_Augment_05.png,0.9999984502792358,1.590494093761663e-06,0
../Images/DataSet\Good_004_Augment_06.png,0.9999960660934448,3.992806796304649e-06,0
../Images/DataSet\Good_004_Augment_07.png,0.9999557733535767,4.417128366185352e-05,0
../Images/DataSet\Good_004_Augment_08.png,0.9999973773956299,2.607913529573125e-06,0
../Images/DataSet\Good_004_Augment_09.png,0.9999963045120239,3.706132702063769e-06,0
../Images/DataSet\Good_004_Augment_10.png,0.9999984502792358,1.523498326605477e-06,0
../Images/DataSet\Good_004_Augment_11.png,0.999997615814209,2.372321432630997e-06,0
../Images/DataSet\Good_004_Augment_12.png,0.9999861717224121,1.3829324416292366e-05,0
../Images/DataSet\Good_004_Augment_13.png,0.9999632835388184,3.677203130791895e-05,0
../Images/DataSet\Good_004_Augment_14.png,0.9999997615814209,2.830709604495496e-07,0
../Images/DataSet\Good_004_Augment_15.png,0.9999960660934448,3.931950232072268e-06,0
../Images/DataSet\Good_004_Augment_16.png,0.9999701976776123,2.9758975870208815e-05,0
../Images/DataSet\Good_004_Augment_17.png,0.9980230331420898,0.0019769950304180384,0
../Images/DataSet\Good_004_Augment_18.png,0.9999678134918213,3.216514232917689e-05,0
../Images/DataSet\Good_005_Augment_01.png,0.9999986886978149,1.364067429676652e-06,0
../Images/DataSet\Good_005_Augment_02.png,0.9999912977218628,8.755868293519598e-06,0
../Images/DataSet\Good_005_Augment_03.png,0.9997466206550598,0.0002533521910663694,0
../Images/DataSet\Good_005_Augment_04.png,0.999896764755249,0.00010325344192096964,0
../Images/DataSet\Good_005_Augment_05.png,0.9999548196792603,4.523633106146008e-05,0
../Images/DataSet\Good_005_Augment_06.png,0.9999967813491821,3.2410985113529023e-06,0
../Images/DataSet\Good_005_Augment_07.png,0.9999961853027344,3.7881995922361966e-06,0
../Images/DataSet\Good_005_Augment_08.png,0.9999996423721313,3.3130564247585426e-07,0
../Images/DataSet\Good_005_Augment_09.png,0.9999867677688599,1.326969049841864e-05,0
../Images/DataSet\Good_005_Augment_10.png,0.9999998807907104,6.204335534221173e-08,0
../Images/DataSet\Good_005_Augment_11.png,0.9999995231628418,5.254776738183864e-07,0
../Images/DataSet\Good_005_Augment_12.png,0.9999850988388062,1.4877475223329384e-05,0
../Images/DataSet\Good_005_Augment_13.png,0.9999980926513672,1.9497674657031894e-06,0
../Images/DataSet\Good_005_Augment_14.png,0.9995781779289246,0.00042185126221738756,0
../Images/DataSet\Good_005_Augment_15.png,0.9999380111694336,6.201530050020665e-05,0
../Images/DataSet\Good_005_Augment_16.png,0.9999885559082031,1.1434169209678657e-05,0
../Images/DataSet\Good_005_Augment_17.png,0.9999951124191284,4.9431655497755855e-06,0
../Images/DataSet\Good_005_Augment_18.png,0.999981164932251,1.8793118215398863e-05,0
../Images/DataSet\Good_006_Augment_01.png,0.9999194145202637,8.06240932433866e-05,0
../Images/DataSet\Good_006_Augment_02.png,0.999915599822998,8.44209935166873e-05,0
../Images/DataSet\Good_006_Augment_03.png,0.9999648332595825,3.511954491841607e-05,0
../Images/DataSet\Good_006_Augment_04.png,0.999993085861206,6.8995955189166125e-06,0
../Images/DataSet\Good_006_Augment_05.png,0.9999979734420776,2.08361984732619e-06,0
../Images/DataSet\Good_006_Augment_06.png,1.0,1.1891065909708232e-08,0
../Images/DataSet\Good_006_Augment_07.png,0.9999915361404419,8.441930731351022e-06,0
../Images/DataSet\Good_006_Augment_08.png,0.9999804496765137,1.9593409888329916e-05,0
../Images/DataSet\Good_006_Augment_09.png,0.9999978542327881,2.1005544112995267e-06,0
../Images/DataSet\Good_006_Augment_10.png,0.9999841451644897,1.5825093214516528e-05,0
../Images/DataSet\Good_006_Augment_11.png,0.9992998838424683,0.0007000646437518299,0
../Images/DataSet\Good_006_Augment_12.png,0.9999630451202393,3.689472214318812e-05,0
../Images/DataSet\Good_006_Augment_13.png,0.9991835951805115,0.000816353305708617,0
../Images/DataSet\Good_006_Augment_14.png,0.9999899864196777,9.979086826206185e-06,0
../Images/DataSet\Good_006_Augment_15.png,0.9999867677688599,1.3202095942688175e-05,0
../Images/DataSet\Good_006_Augment_16.png,0.9998949766159058,0.0001050400169333443,0
../Images/DataSet\Good_006_Augment_17.png,0.9999992847442627,6.612925744775566e-07,0
../Images/DataSet\Good_006_Augment_18.png,0.9999731779098511,2.6875077310251072e-05,0
../Images/DataSet\Good_007_Augment_01.png,0.9999980926513672,1.9520093701430596e-06,0
../Images/DataSet\Good_007_Augment_02.png,0.9999550580978394,4.498123598750681e-05,0
../Images/DataSet\Good_007_Augment_03.png,0.9999996423721313,3.983945191521343e-07,0
../Images/DataSet\Good_007_Augment_04.png,0.9999841451644897,1.5872825315454975e-05,0
../Images/DataSet\Good_007_Augment_05.png,0.9999949932098389,5.057489033788443e-06,0
../Images/DataSet\Good_007_Augment_06.png,0.9999982118606567,1.8353074437982286e-06,0
../Images/DataSet\Good_007_Augment_07.png,1.0,3.506082180138037e-08,0
../Images/DataSet\Good_007_Augment_08.png,0.9999983310699463,1.6139990748342825e-06,0
../Images/DataSet\Good_007_Augment_09.png,0.9876428842544556,0.012357090599834919,0
../Images/DataSet\Good_007_Augment_10.png,0.9998735189437866,0.00012646251707337797,0
../Images/DataSet\Good_007_Augment_11.png,0.9999949932098389,5.035101366956951e-06,0
../Images/DataSet\Good_007_Augment_12.png,0.9999995231628418,4.754925271299726e-07,0
../Images/DataSet\Good_007_Augment_13.png,0.9999791383743286,2.0884117475361563e-05,0
../Images/DataSet\Good_007_Augment_14.png,0.9999055862426758,9.445127216167748e-05,0
../Images/DataSet\Good_007_Augment_15.png,0.9999984502792358,1.5033472209324827e-06,0
../Images/DataSet\Good_007_Augment_16.png,0.9999977350234985,2.2740603071724763e-06,0
../Images/DataSet\Good_007_Augment_17.png,0.9999582767486572,4.178109156782739e-05,0
../Images/DataSet\Good_007_Augment_18.png,0.9999978542327881,2.1137550447747344e-06,0
../Images/DataSet\Good_008_Augment_01.png,0.9999911785125732,8.808910024526995e-06,0
../Images/DataSet\Good_008_Augment_02.png,0.9999910593032837,8.936013728089165e-06,0
../Images/DataSet\Good_008_Augment_03.png,0.9999927282333374,7.2862690103647765e-06,0
../Images/DataSet\Good_008_Augment_04.png,0.9999569654464722,4.302701199776493e-05,0
../Images/DataSet\Good_008_Augment_05.png,0.9999994039535522,5.624705750051362e-07,0
../Images/DataSet\Good_008_Augment_06.png,0.9999213218688965,7.86929958849214e-05,0
../Images/DataSet\Good_008_Augment_07.png,0.9999902248382568,9.726360985951032e-06,0
../Images/DataSet\Good_008_Augment_08.png,0.999998927116394,1.081795858226542e-06,0
../Images/DataSet\Good_008_Augment_09.png,0.9999980926513672,1.9318472368468065e-06,0
../Images/DataSet\Good_008_Augment_10.png,0.9999967813491821,3.23212248076743e-06,0
../Images/DataSet\Good_008_Augment_11.png,0.999981164932251,1.883950608316809e-05,0
../Images/DataSet\Good_008_Augment_12.png,0.9999693632125854,3.060619201278314e-05,0
../Images/DataSet\Good_008_Augment_13.png,0.999991774559021,8.261252332886215e-06,0
../Images/DataSet\Good_008_Augment_14.png,0.999841570854187,0.00015844166046008468,0
../Images/DataSet\Good_008_Augment_15.png,0.999848484992981,0.00015147925296332687,0
../Images/DataSet\Good_008_Augment_16.png,0.9998703002929688,0.0001296723639825359,0
../Images/DataSet\Good_008_Augment_17.png,0.9999951124191284,4.849734068557154e-06,0
../Images/DataSet\Good_008_Augment_18.png,0.9998809099197388,0.00011908057058462873,0
../Images/DataSet\Good_009_Augment_01.png,0.9999793767929077,2.067131208605133e-05,0
../Images/DataSet\Good_009_Augment_02.png,0.999647855758667,0.0003521724429447204,0
../Images/DataSet\Good_009_Augment_03.png,0.9998947381973267,0.00010526492405915633,0
../Images/DataSet\Good_009_Augment_04.png,0.9997730851173401,0.0002268953394377604,0
../Images/DataSet\Good_009_Augment_05.png,0.9997296929359436,0.00027024687733501196,0
../Images/DataSet\Good_009_Augment_06.png,0.9995893836021423,0.0004106700071133673,0
../Images/DataSet\Good_009_Augment_07.png,0.9998399019241333,0.00016012921696528792,0
../Images/DataSet\Good_009_Augment_08.png,0.9999866485595703,1.3305906577443238e-05,0
../Images/DataSet\Good_009_Augment_09.png,0.9999370574951172,6.294301419984549e-05,0
../Images/DataSet\Good_009_Augment_10.png,0.9997925162315369,0.00020745636720675975,0
../Images/DataSet\Good_009_Augment_11.png,0.9999783039093018,2.1640982595272362e-05,0
../Images/DataSet\Good_009_Augment_12.png,0.9999992847442627,6.602226108043396e-07,0
../Images/DataSet\Good_009_Augment_13.png,0.999998927116394,1.0368347602707217e-06,0
../Images/DataSet\Good_009_Augment_14.png,0.9998999834060669,9.995146683650091e-05,0
../Images/DataSet\Good_009_Augment_15.png,0.9999390840530396,6.090869283070788e-05,0
../Images/DataSet\Good_009_Augment_16.png,0.9998781681060791,0.00012183395301690325,0
../Images/DataSet\Good_009_Augment_17.png,0.999964714050293,3.528336310409941e-05,0
../Images/DataSet\Good_009_Augment_18.png,0.9999963045120239,3.6792907849303447e-06,0
../Images/DataSet\Good_010_Augment_01.png,0.9997603297233582,0.0002397186472080648,0
../Images/DataSet\Good_010_Augment_02.png,0.9999885559082031,1.1423466276028194e-05,0
../Images/DataSet\Good_010_Augment_03.png,0.9997883439064026,0.00021171331172809005,0
../Images/DataSet\Good_010_Augment_04.png,0.9999693632125854,3.0585531931137666e-05,0
../Images/DataSet\Good_010_Augment_05.png,0.9999972581863403,2.8002395993098617e-06,0
../Images/DataSet\Good_010_Augment_06.png,0.9999243021011353,7.57037996663712e-05,0
../Images/DataSet\Good_010_Augment_07.png,0.9996216297149658,0.000378289696527645,0
../Images/DataSet\Good_010_Augment_08.png,0.9996687173843384,0.00033129696385003626,0
../Images/DataSet\Good_010_Augment_09.png,0.9999990463256836,9.7172642199439e-07,0
../Images/DataSet\Good_010_Augment_10.png,0.999855637550354,0.00014430085138883442,0
../Images/DataSet\Good_010_Augment_11.png,0.9997326731681824,0.00026734411949291825,0
../Images/DataSet\Good_010_Augment_12.png,0.9444950222969055,0.0555049367249012,0
../Images/DataSet\Good_010_Augment_13.png,0.9998946189880371,0.0001053505766321905,0
../Images/DataSet\Good_010_Augment_14.png,0.9999978542327881,2.153199602616951e-06,0
../Images/DataSet\Good_010_Augment_15.png,0.999984860420227,1.5189680198091082e-05,0
../Images/DataSet\Good_010_Augment_16.png,0.999985933303833,1.4057527550903615e-05,0
../Images/DataSet\Good_010_Augment_17.png,0.9999856948852539,1.4304931028163992e-05,0
../Images/DataSet\Good_010_Augment_18.png,0.9999353885650635,6.464766920544207e-05,0
../Images/DataSet\Good_011_Augment_01.png,0.9999896287918091,1.0340882909076754e-05,0
../Images/DataSet\Good_011_Augment_02.png,0.9999735355377197,2.643973675731104e-05,0
../Images/DataSet\Good_011_Augment_03.png,0.9999980926513672,1.8732857824943494e-06,0
../Images/DataSet\Good_011_Augment_04.png,0.9999996423721313,3.435633573189989e-07,0
../Images/DataSet\Good_011_Augment_05.png,0.9999582767486572,4.1722716559888795e-05,0
../Images/DataSet\Good_011_Augment_06.png,0.9999676942825317,3.231499795219861e-05,0
../Images/DataSet\Good_011_Augment_07.png,0.9999392032623291,6.0852555179735646e-05,0
../Images/DataSet\Good_011_Augment_08.png,0.9998350143432617,0.00016496914031449705,0
../Images/DataSet\Good_011_Augment_09.png,0.9999818801879883,1.8120086679118685e-05,0
../Images/DataSet\Good_011_Augment_10.png,0.9999983310699463,1.7188010588142788e-06,0
../Images/DataSet\Good_011_Augment_11.png,0.9999669790267944,3.297175862826407e-05,0
../Images/DataSet\Good_011_Augment_12.png,0.9999988079071045,1.2319152347117779e-06,0
../Images/DataSet\Good_011_Augment_13.png,0.9999998807907104,1.6105120437259757e-07,0
../Images/DataSet\Good_011_Augment_14.png,0.9999971389770508,2.8588178793143015e-06,0
../Images/DataSet\Good_011_Augment_15.png,0.9999998807907104,1.1254331866439315e-07,0
../Images/DataSet\Good_011_Augment_16.png,0.9999704360961914,2.962007602036465e-05,0
../Images/DataSet\Good_011_Augment_17.png,0.999993085861206,6.93596030032495e-06,0
../Images/DataSet\Good_011_Augment_18.png,0.9999717473983765,2.8242693588254042e-05,0
../Images/DataSet\Good_012_Augment_01.png,0.9998315572738647,0.00016840446915011853,0
../Images/DataSet\Good_012_Augment_02.png,0.9999926090240479,7.394999556709081e-06,0
../Images/DataSet\Good_012_Augment_03.png,0.9999916553497314,8.366065230802633e-06,0
../Images/DataSet\Good_012_Augment_04.png,0.9999998807907104,1.0825456087104612e-07,0
../Images/DataSet\Good_012_Augment_05.png,0.9999834299087524,1.6589669030508958e-05,0
../Images/DataSet\Good_012_Augment_06.png,0.9999967813491821,3.1670572298025945e-06,0
../Images/DataSet\Good_012_Augment_07.png,0.9999823570251465,1.762321699061431e-05,0
../Images/DataSet\Good_012_Augment_08.png,0.999882698059082,0.00011728906974894926,0
../Images/DataSet\Good_012_Augment_09.png,0.9999185800552368,8.139108103932813e-05,0
../Images/DataSet\Good_012_Augment_10.png,0.9997163414955139,0.00028359144926071167,0
../Images/DataSet\Good_012_Augment_11.png,0.9999767541885376,2.3253423933056183e-05,0
../Images/DataSet\Good_012_Augment_12.png,0.9999724626541138,2.7510335712577216e-05,0
../Images/DataSet\Good_012_Augment_13.png,0.9996225833892822,0.0003774050564970821,0
../Images/DataSet\Good_012_Augment_14.png,0.9995822310447693,0.0004178229137323797,0
../Images/DataSet\Good_012_Augment_15.png,0.9993805885314941,0.0006194013985805213,0
../Images/DataSet\Good_012_Augment_16.png,0.9999611377716064,3.882955206790939e-05,0
../Images/DataSet\Good_012_Augment_17.png,0.9994685053825378,0.0005315641756169498,0
../Images/DataSet\Good_012_Augment_18.png,0.9999715089797974,2.847155337803997e-05,0
../Images/DataSet\Good_013_Augment_01.png,0.9999529123306274,4.70502745884005e-05,0
../Images/DataSet\Good_013_Augment_02.png,0.9999991655349731,8.366443466911733e-07,0
../Images/DataSet\Good_013_Augment_03.png,0.999098539352417,0.0009014836978167295,0
../Images/DataSet\Good_013_Augment_04.png,0.999945878982544,5.406323180068284e-05,0
../Images/DataSet\Good_013_Augment_05.png,0.9993510842323303,0.0006489132065325975,0
../Images/DataSet\Good_013_Augment_06.png,0.9999938011169434,6.146500709292013e-06,0
../Images/DataSet\Good_013_Augment_07.png,0.9999433755874634,5.662560579366982e-05,0
../Images/DataSet\Good_013_Augment_08.png,0.9999605417251587,3.9467267924919724e-05,0
../Images/DataSet\Good_013_Augment_09.png,0.9999600648880005,3.9965165342437103e-05,0
../Images/DataSet\Good_013_Augment_10.png,0.9999871253967285,1.2904331924801227e-05,0
../Images/DataSet\Good_013_Augment_11.png,0.9999686479568481,3.1406525522470474e-05,0
../Images/DataSet\Good_013_Augment_12.png,0.9999854564666748,1.4584548807761166e-05,0
../Images/DataSet\Good_013_Augment_13.png,0.9999780654907227,2.1899311832385138e-05,0
../Images/DataSet\Good_013_Augment_14.png,0.9995075464248657,0.0004924855311401188,0
../Images/DataSet\Good_013_Augment_15.png,0.9999860525131226,1.3964796380605549e-05,0
../Images/DataSet\Good_013_Augment_16.png,0.9997619986534119,0.0002380403020652011,0
../Images/DataSet\Good_013_Augment_17.png,0.9995988011360168,0.0004012415593024343,0
../Images/DataSet\Good_013_Augment_18.png,0.9999570846557617,4.288698983145878e-05,0
../Images/DataSet\Good_014_Augment_01.png,0.9999910593032837,8.938341125031002e-06,0
../Images/DataSet\Good_014_Augment_02.png,0.999790608882904,0.00020937160297762603,0
../Images/DataSet\Good_014_Augment_03.png,0.9999866485595703,1.3379173651628662e-05,0
../Images/DataSet\Good_014_Augment_04.png,0.9998220801353455,0.00017794404993765056,0
../Images/DataSet\Good_014_Augment_05.png,0.9999829530715942,1.6992938981275074e-05,0
../Images/DataSet\Good_014_Augment_06.png,0.9999814033508301,1.8541311874287203e-05,0
../Images/DataSet\Good_014_Augment_07.png,0.9999961853027344,3.7815220821357798e-06,0
../Images/DataSet\Good_014_Augment_08.png,0.9999942779541016,5.704860086552799e-06,0
../Images/DataSet\Good_014_Augment_09.png,0.9999428987503052,5.713738937629387e-05,0
../Images/DataSet\Good_014_Augment_10.png,0.9999740123748779,2.6026909836218692e-05,0
../Images/DataSet\Good_014_Augment_11.png,0.9995469450950623,0.0004530824953690171,0
../Images/DataSet\Good_014_Augment_12.png,0.9999985694885254,1.4844857787466026e-06,0
../Images/DataSet\Good_014_Augment_13.png,0.9999550580978394,4.499526767176576e-05,0
../Images/DataSet\Good_014_Augment_14.png,0.9999520778656006,4.786040881299414e-05,0
../Images/DataSet\Good_014_Augment_15.png,0.9999650716781616,3.4947450330946594e-05,0
../Images/DataSet\Good_014_Augment_16.png,0.9999988079071045,1.2202132211314165e-06,0
../Images/DataSet\Good_014_Augment_17.png,0.9999940395355225,5.99208897256176e-06,0
../Images/DataSet\Good_014_Augment_18.png,0.9999904632568359,9.567803317622747e-06,0
../Images/DataSet\Good_015_Augment_01.png,0.9999874830245972,1.252304355148226e-05,0
../Images/DataSet\Good_015_Augment_02.png,0.9999979734420776,1.9719677766261157e-06,0
../Images/DataSet\Good_015_Augment_03.png,0.9999831914901733,1.6760872313170694e-05,0
../Images/DataSet\Good_015_Augment_04.png,0.9999971389770508,2.872013737942325e-06,0
../Images/DataSet\Good_015_Augment_05.png,0.9999980926513672,1.8686804423850845e-06,0
../Images/DataSet\Good_015_Augment_06.png,0.9999998807907104,8.410155061255864e-08,0
../Images/DataSet\Good_015_Augment_07.png,0.9999954700469971,4.508658093982376e-06,0
../Images/DataSet\Good_015_Augment_08.png,0.9999945163726807,5.486772352014668e-06,0
../Images/DataSet\Good_015_Augment_09.png,0.9997636675834656,0.00023631396470591426,0
../Images/DataSet\Good_015_Augment_10.png,0.995091438293457,0.004908572416752577,0
../Images/DataSet\Good_015_Augment_11.png,0.9999401569366455,5.9791254898300394e-05,0
../Images/DataSet\Good_015_Augment_12.png,0.9996104836463928,0.00038958998629823327,0
../Images/DataSet\Good_015_Augment_13.png,0.9999830722808838,1.6912170394789428e-05,0
../Images/DataSet\Good_015_Augment_14.png,0.9999967813491821,3.227181878173724e-06,0
../Images/DataSet\Good_015_Augment_15.png,0.9993472695350647,0.0006527739460580051,0
../Images/DataSet\Good_015_Augment_16.png,0.9998195767402649,0.0001803965715225786,0
../Images/DataSet\Good_015_Augment_17.png,0.999967098236084,3.28641472151503e-05,0
../Images/DataSet\Good_015_Augment_18.png,0.9996060729026794,0.0003939291927963495,0
../Images/DataSet\Good_016_Augment_01.png,0.9999997615814209,2.6298295097149094e-07,0
../Images/DataSet\Good_016_Augment_02.png,1.0,8.461006895110756e-10,0
../Images/DataSet\Good_016_Augment_03.png,0.9999998807907104,1.6146289283369697e-07,0
../Images/DataSet\Good_016_Augment_04.png,0.9999991655349731,7.755233468742517e-07,0
../Images/DataSet\Good_016_Augment_05.png,0.9999982118606567,1.748954218783183e-06,0
../Images/DataSet\Good_016_Augment_06.png,0.9999984502792358,1.498159008406219e-06,0
../Images/DataSet\Good_016_Augment_07.png,0.9999939203262329,6.0283305174380075e-06,0
../Images/DataSet\Good_016_Augment_08.png,1.0,1.296212914780881e-08,0
../Images/DataSet\Good_016_Augment_09.png,1.0,3.131528458766297e-08,0
../Images/DataSet\Good_016_Augment_10.png,0.9999991655349731,7.850960628275061e-07,0
../Images/DataSet\Good_016_Augment_11.png,0.9999879598617554,1.205370881507406e-05,0
../Images/DataSet\Good_016_Augment_12.png,0.9999959468841553,4.036294740217272e-06,0
../Images/DataSet\Good_016_Augment_13.png,0.9999974966049194,2.453303068250534e-06,0
../Images/DataSet\Good_016_Augment_14.png,0.9999836683273315,1.6373785911127925e-05,0
../Images/DataSet\Good_016_Augment_15.png,0.9999723434448242,2.7640902771963738e-05,0
../Images/DataSet\Good_016_Augment_16.png,0.9999998807907104,1.4998772712715436e-07,0
../Images/DataSet\Good_016_Augment_17.png,0.9999998807907104,1.7463413826135366e-07,0
../Images/DataSet\Good_016_Augment_18.png,0.9999988079071045,1.1950976386287948e-06,0
../Images/DataSet\Good_017_Augment_01.png,0.9999505281448364,4.9497404688736424e-05,0
../Images/DataSet\Good_017_Augment_02.png,0.9999971389770508,2.897372951338184e-06,0
../Images/DataSet\Good_017_Augment_03.png,1.0,5.787999057815796e-08,0
../Images/DataSet\Good_017_Augment_04.png,0.9999933242797852,6.693131581414491e-06,0
../Images/DataSet\Good_017_Augment_05.png,1.0,4.860782354398907e-08,0
../Images/DataSet\Good_017_Augment_06.png,0.9999219179153442,7.812586409272626e-05,0
../Images/DataSet\Good_017_Augment_07.png,0.999990701675415,9.349991159979254e-06,0
../Images/DataSet\Good_017_Augment_08.png,0.9998238682746887,0.0001762029860401526,0
../Images/DataSet\Good_017_Augment_09.png,0.9999957084655762,4.244227511662757e-06,0
../Images/DataSet\Good_017_Augment_10.png,0.9998756647109985,0.0001243596343556419,0
../Images/DataSet\Good_017_Augment_11.png,0.9999996423721313,3.172881406499073e-07,0
../Images/DataSet\Good_017_Augment_12.png,0.9999896287918091,1.0373072655056603e-05,0
../Images/DataSet\Good_017_Augment_13.png,0.9998805522918701,0.00011942694982280955,0
../Images/DataSet\Good_017_Augment_14.png,0.9999629259109497,3.7015815905760974e-05,0
../Images/DataSet\Good_017_Augment_15.png,0.9998044371604919,0.00019563440582714975,0
../Images/DataSet\Good_017_Augment_16.png,0.9999995231628418,4.2179206616310694e-07,0
../Images/DataSet\Good_017_Augment_17.png,0.9999054670333862,9.456211409997195e-05,0
../Images/DataSet\Good_017_Augment_18.png,0.9999992847442627,6.56793702091818e-07,0
../Images/DataSet\Good_018_Augment_01.png,0.9999996423721313,3.104602797066036e-07,0
../Images/DataSet\Good_018_Augment_02.png,0.9999686479568481,3.135553197353147e-05,0
../Images/DataSet\Good_018_Augment_03.png,0.9999721050262451,2.787145240290556e-05,0
../Images/DataSet\Good_018_Augment_04.png,0.9999914169311523,8.585188879806083e-06,0
../Images/DataSet\Good_018_Augment_05.png,0.9999958276748657,4.141381850786274e-06,0
../Images/DataSet\Good_018_Augment_06.png,0.9999995231628418,5.188982186155044e-07,0
../Images/DataSet\Good_018_Augment_07.png,1.0,5.006669567819699e-08,0
../Images/DataSet\Good_018_Augment_08.png,0.9999942779541016,5.729707027057884e-06,0
../Images/DataSet\Good_018_Augment_09.png,0.9999997615814209,1.874851704997127e-07,0
../Images/DataSet\Good_018_Augment_10.png,0.9999991655349731,8.575750598538434e-07,0
../Images/DataSet\Good_018_Augment_11.png,0.9999667406082153,3.320063842693344e-05,0
../Images/DataSet\Good_018_Augment_12.png,0.9999892711639404,1.070573489414528e-05,0
../Images/DataSet\Good_018_Augment_13.png,0.9999994039535522,6.174350914989191e-07,0
../Images/DataSet\Good_018_Augment_14.png,0.9999996423721313,3.363355745023e-07,0
../Images/DataSet\Good_018_Augment_15.png,0.9999996423721313,3.8574708582927997e-07,0
../Images/DataSet\Good_018_Augment_16.png,0.9999988079071045,1.2378388873912627e-06,0
../Images/DataSet\Good_018_Augment_17.png,0.9999275207519531,7.243377331178635e-05,0
../Images/DataSet\Good_018_Augment_18.png,0.9999843835830688,1.5637433534720913e-05,0
../Images/DataSet\Good_019_Augment_01.png,0.9999916553497314,8.292889106087387e-06,0
../Images/DataSet\Good_019_Augment_02.png,0.9999967813491821,3.1749561912874924e-06,0
../Images/DataSet\Good_019_Augment_03.png,0.9999973773956299,2.6685440843721153e-06,0
../Images/DataSet\Good_019_Augment_04.png,0.9999886751174927,1.1308203283988405e-05,0
../Images/DataSet\Good_019_Augment_05.png,0.9999746084213257,2.5389243091922253e-05,0
../Images/DataSet\Good_019_Augment_06.png,0.9999197721481323,8.020027598831803e-05,0
../Images/DataSet\Good_019_Augment_07.png,0.9999986886978149,1.3631038200401235e-06,0
../Images/DataSet\Good_019_Augment_08.png,0.999991774559021,8.231808351411019e-06,0
../Images/DataSet\Good_019_Augment_09.png,0.9999969005584717,3.129285914837965e-06,0
../Images/DataSet\Good_019_Augment_10.png,0.9999982118606567,1.8397953454041271e-06,0
../Images/DataSet\Good_019_Augment_11.png,0.9999973773956299,2.598387936814106e-06,0
../Images/DataSet\Good_019_Augment_12.png,0.9999947547912598,5.259251338429749e-06,0
../Images/DataSet\Good_019_Augment_13.png,0.9998371601104736,0.00016281571879517287,0
../Images/DataSet\Good_019_Augment_14.png,0.9999608993530273,3.912375177606009e-05,0
../Images/DataSet\Good_019_Augment_15.png,0.9999974966049194,2.536870624680887e-06,0
../Images/DataSet\Good_019_Augment_16.png,0.9999996423721313,3.9108329019654775e-07,0
../Images/DataSet\Good_019_Augment_17.png,0.9999998807907104,1.1024702928352781e-07,0
../Images/DataSet\Good_019_Augment_18.png,0.9999986886978149,1.3306770370036247e-06,0
../Images/DataSet\Good_020_Augment_01.png,0.9999780654907227,2.19773701246595e-05,0
../Images/DataSet\Good_020_Augment_02.png,0.9995967745780945,0.000403285666834563,0
../Images/DataSet\Good_020_Augment_03.png,0.9999980926513672,1.9354467895027483e-06,0
../Images/DataSet\Good_020_Augment_04.png,0.9999868869781494,1.3083588783047162e-05,0
../Images/DataSet\Good_020_Augment_05.png,0.9999839067459106,1.6098936612252146e-05,0
../Images/DataSet\Good_020_Augment_06.png,0.9998922348022461,0.00010775662667583674,0
../Images/DataSet\Good_020_Augment_07.png,0.9999905824661255,9.392997526447289e-06,0
../Images/DataSet\Good_020_Augment_08.png,0.9999961853027344,3.8007672173989704e-06,0
../Images/DataSet\Good_020_Augment_09.png,0.9999980926513672,1.9419419459154597e-06,0
../Images/DataSet\Good_020_Augment_10.png,0.9999872446060181,1.2749093002639711e-05,0
../Images/DataSet\Good_020_Augment_11.png,0.9998987913131714,0.0001012260327115655,0
../Images/DataSet\Good_020_Augment_12.png,0.9999991655349731,8.664196116114908e-07,0
../Images/DataSet\Good_020_Augment_13.png,0.9999287128448486,7.122910756152123e-05,0
../Images/DataSet\Good_020_Augment_14.png,0.9999923706054688,7.681372153456323e-06,0
../Images/DataSet\Good_020_Augment_15.png,0.999306321144104,0.0006936679128557444,0
../Images/DataSet\Good_020_Augment_16.png,0.9999957084655762,4.265250026946887e-06,0
../Images/DataSet\Good_020_Augment_17.png,0.9999239444732666,7.607955194544047e-05,0
../Images/DataSet\Good_020_Augment_18.png,0.9999616146087646,3.8339694583555683e-05,0
../Images/DataSet\Good_022_Augment_01.png,0.9998238682746887,0.0001761638413881883,0
../Images/DataSet\Good_022_Augment_02.png,0.9998831748962402,0.00011677616566885263,0
../Images/DataSet\Good_022_Augment_03.png,0.999549925327301,0.0004500134673435241,0
../Images/DataSet\Good_022_Augment_04.png,0.9999879598617554,1.2055433217028622e-05,0
../Images/DataSet\Good_022_Augment_05.png,0.999997615814209,2.4324549485754687e-06,0
../Images/DataSet\Good_022_Augment_06.png,0.9997919201850891,0.00020811395370401442,0
../Images/DataSet\Good_022_Augment_07.png,0.9905569553375244,0.009443040937185287,0
../Images/DataSet\Good_022_Augment_08.png,0.9999158382415771,8.416103810304776e-05,0
../Images/DataSet\Good_022_Augment_09.png,0.9999771118164062,2.283161120431032e-05,0
../Images/DataSet\Good_022_Augment_10.png,0.999957799911499,4.224282383802347e-05,0
../Images/DataSet\Good_022_Augment_11.png,0.9998719692230225,0.00012803723802790046,0
../Images/DataSet\Good_022_Augment_12.png,0.9999408721923828,5.9122161474078894e-05,0
../Images/DataSet\Good_022_Augment_13.png,0.9999750852584839,2.4869277694961056e-05,0
../Images/DataSet\Good_022_Augment_14.png,0.9999971389770508,2.8324261620582547e-06,0
../Images/DataSet\Good_022_Augment_15.png,0.9999910593032837,8.988185072666965e-06,0
../Images/DataSet\Good_022_Augment_16.png,0.9999610185623169,3.901332092937082e-05,0
../Images/DataSet\Good_022_Augment_17.png,0.9999998807907104,6.066695590334348e-08,0
../Images/DataSet\Good_022_Augment_18.png,0.9999922513961792,7.75111675466178e-06,0
../Images/DataSet\Good_023_Augment_01.png,0.9999984502792358,1.5558047152808285e-06,0
../Images/DataSet\Good_023_Augment_02.png,0.9999772310256958,2.2725125745637342e-05,0
../Images/DataSet\Good_023_Augment_03.png,0.9999964237213135,3.5881016628991347e-06,0
../Images/DataSet\Good_023_Augment_04.png,0.9999231100082397,7.691443170187995e-05,0
../Images/DataSet\Good_023_Augment_05.png,0.9999997615814209,2.0266723765871575e-07,0
../Images/DataSet\Good_023_Augment_06.png,0.9999988079071045,1.179880882773432e-06,0
../Images/DataSet\Good_023_Augment_07.png,0.9999986886978149,1.3640036513606901e-06,0
../Images/DataSet\Good_023_Augment_08.png,0.9996119141578674,0.0003880603762809187,0
../Images/DataSet\Good_023_Augment_09.png,0.999976396560669,2.358615347475279e-05,0
../Images/DataSet\Good_023_Augment_10.png,0.9999998807907104,8.883844060392221e-08,0
../Images/DataSet\Good_023_Augment_11.png,0.9999978542327881,2.1364189706218895e-06,0
../Images/DataSet\Good_023_Augment_12.png,0.9999982118606567,1.7811852330851252e-06,0
../Images/DataSet\Good_023_Augment_13.png,0.9999803304672241,1.9655635696835816e-05,0
../Images/DataSet\Good_023_Augment_14.png,0.999810516834259,0.00018948041542898864,0
../Images/DataSet\Good_023_Augment_15.png,1.0,1.91279774242048e-08,0
../Images/DataSet\Good_023_Augment_16.png,0.9998754262924194,0.0001245994062628597,0
../Images/DataSet\Good_023_Augment_17.png,0.9999661445617676,3.380408088560216e-05,0
../Images/DataSet\Good_023_Augment_18.png,0.9999922513961792,7.806025678291917e-06,0
../Images/DataSet\Good_024_Augment_01.png,0.99977046251297,0.00022959777561482042,0
../Images/DataSet\Good_024_Augment_02.png,0.9999711513519287,2.8802982342313044e-05,0
../Images/DataSet\Good_024_Augment_03.png,0.999995231628418,4.73417048851843e-06,0
../Images/DataSet\Good_024_Augment_04.png,0.9996888637542725,0.0003111526311840862,0
../Images/DataSet\Good_024_Augment_05.png,0.9993684887886047,0.0006315588252618909,0
../Images/DataSet\Good_024_Augment_06.png,0.9999716281890869,2.8372378437779844e-05,0
../Images/DataSet\Good_024_Augment_07.png,0.999871015548706,0.00012896049884147942,0
../Images/DataSet\Good_024_Augment_08.png,0.9959774613380432,0.004022539593279362,0
../Images/DataSet\Good_024_Augment_09.png,0.9999117851257324,8.815046021481976e-05,0
../Images/DataSet\Good_024_Augment_10.png,0.9999892711639404,1.0671983545762487e-05,0
../Images/DataSet\Good_024_Augment_11.png,0.9999638795852661,3.613755325204693e-05,0
../Images/DataSet\Good_024_Augment_12.png,0.9999696016311646,3.0347406209330074e-05,0
../Images/DataSet\Good_024_Augment_13.png,0.9999918937683105,8.095411430986132e-06,0
../Images/DataSet\Good_024_Augment_14.png,0.9999659061431885,3.414629100007005e-05,0
../Images/DataSet\Good_024_Augment_15.png,0.9999841451644897,1.5813882782822475e-05,0
../Images/DataSet\Good_024_Augment_16.png,0.9999364614486694,6.354467041091993e-05,0
../Images/DataSet\Good_024_Augment_17.png,0.9998953342437744,0.00010470480629010126,0
../Images/DataSet\Good_024_Augment_18.png,0.999961256980896,3.8786551158409566e-05,0
../Images/DataSet\Good_025_Augment_01.png,0.999998927116394,1.0941678283415968e-06,0
../Images/DataSet\Good_025_Augment_02.png,0.9999198913574219,8.004730625543743e-05,0
../Images/DataSet\Good_025_Augment_03.png,0.9999773502349854,2.263048736494966e-05,0
../Images/DataSet\Good_025_Augment_04.png,0.9996755123138428,0.00032449030550196767,0
../Images/DataSet\Good_025_Augment_05.png,0.9999871253967285,1.2907999916933477e-05,0
../Images/DataSet\Good_025_Augment_06.png,0.9999617338180542,3.827047476079315e-05,0
../Images/DataSet\Good_025_Augment_07.png,0.9992051720619202,0.0007948433049023151,0
../Images/DataSet\Good_025_Augment_08.png,0.19475463032722473,0.8052453398704529,1
../Images/DataSet\Good_025_Augment_09.png,0.9998304843902588,0.00016943254740908742,0
../Images/DataSet\Good_025_Augment_10.png,0.9999717473983765,2.830001358233858e-05,0
../Images/DataSet\Good_025_Augment_11.png,0.9999191761016846,8.083286229521036e-05,0
../Images/DataSet\Good_025_Augment_12.png,0.9996465444564819,0.0003534296411089599,0
../Images/DataSet\Good_025_Augment_13.png,0.9998525381088257,0.0001473855081712827,0
../Images/DataSet\Good_025_Augment_14.png,0.999991774559021,8.208776307583321e-06,0
../Images/DataSet\Good_025_Augment_15.png,0.9999816417694092,1.8400885892333463e-05,0
../Images/DataSet\Good_025_Augment_16.png,0.9999690055847168,3.100661706412211e-05,0
../Images/DataSet\Good_025_Augment_17.png,0.9993890523910522,0.0006109145469963551,0
../Images/DataSet\Good_025_Augment_18.png,0.9999877214431763,1.2237244845891837e-05,0
../Images/DataSet\Good_026_Augment_01.png,0.9997125267982483,0.00028739552362821996,0
../Images/DataSet\Good_026_Augment_02.png,0.9998031258583069,0.00019684256403706968,0
../Images/DataSet\Good_026_Augment_03.png,0.9999876022338867,1.2410407180141192e-05,0
../Images/DataSet\Good_026_Augment_04.png,0.9999933242797852,6.6753336795954965e-06,0
../Images/DataSet\Good_026_Augment_05.png,0.9999912977218628,8.711433110875078e-06,0
../Images/DataSet\Good_026_Augment_06.png,0.9999986886978149,1.2595857015185175e-06,0
../Images/DataSet\Good_026_Augment_07.png,0.9999315738677979,6.83965117787011e-05,0
../Images/DataSet\Good_026_Augment_08.png,0.9997044205665588,0.0002955995441880077,0
../Images/DataSet\Good_026_Augment_09.png,0.999953031539917,4.699386772699654e-05,0
../Images/DataSet\Good_026_Augment_10.png,0.9999949932098389,5.022704044677084e-06,0
../Images/DataSet\Good_026_Augment_11.png,0.9999979734420776,2.0205018245178508e-06,0
../Images/DataSet\Good_026_Augment_12.png,0.9999954700469971,4.5117726585885976e-06,0
../Images/DataSet\Good_026_Augment_13.png,0.9999933242797852,6.688416306133149e-06,0
../Images/DataSet\Good_026_Augment_14.png,0.9999995231628418,4.6876445480847906e-07,0
../Images/DataSet\Good_026_Augment_15.png,0.9999982118606567,1.7682714315014891e-06,0
../Images/DataSet\Good_026_Augment_16.png,0.9999649524688721,3.5072152968496084e-05,0
../Images/DataSet\Good_026_Augment_17.png,0.9999953508377075,4.597035058395704e-06,0
../Images/DataSet\Good_026_Augment_18.png,0.9999920129776001,7.931136678962503e-06,0
../Images/DataSet\Good_027_Augment_01.png,0.9998480081558228,0.0001520070800324902,0
../Images/DataSet\Good_027_Augment_02.png,0.9999804496765137,1.9518287444952875e-05,0
../Images/DataSet\Good_027_Augment_03.png,0.9997662901878357,0.00023369200062006712,0
../Images/DataSet\Good_027_Augment_04.png,0.9999910593032837,8.912285920814611e-06,0
../Images/DataSet\Good_027_Augment_05.png,0.9999979734420776,2.020904730670736e-06,0
../Images/DataSet\Good_027_Augment_06.png,0.9999927282333374,7.32052330931765e-06,0
../Images/DataSet\Good_027_Augment_07.png,1.0,3.216128519056838e-08,0
../Images/DataSet\Good_027_Augment_08.png,0.9999986886978149,1.3145898947186652e-06,0
../Images/DataSet\Good_027_Augment_09.png,0.9999853372573853,1.467816127842525e-05,0
../Images/DataSet\Good_027_Augment_10.png,0.9997285008430481,0.00027148754452355206,0
../Images/DataSet\Good_027_Augment_11.png,0.9999746084213257,2.5386483684997074e-05,0
../Images/DataSet\Good_027_Augment_12.png,0.9999994039535522,5.417233523985487e-07,0
../Images/DataSet\Good_027_Augment_13.png,0.9999990463256836,9.612539315639879e-07,0
../Images/DataSet\Good_027_Augment_14.png,0.9999996423721313,4.025927751172276e-07,0
../Images/DataSet\Good_027_Augment_15.png,0.9999992847442627,6.977025464038888e-07,0
../Images/DataSet\Good_027_Augment_16.png,0.9999847412109375,1.5201184396573808e-05,0
../Images/DataSet\Good_027_Augment_17.png,0.9999727010726929,2.7269923521089368e-05,0
../Images/DataSet\Good_027_Augment_18.png,0.9999405145645142,5.951894127065316e-05,0
../Images/DataSet\Good_028_Augment_01.png,0.9999973773956299,2.650205033205566e-06,0
../Images/DataSet\Good_028_Augment_02.png,0.9999582767486572,4.171484033577144e-05,0
../Images/DataSet\Good_028_Augment_03.png,0.9999994039535522,6.144182407297194e-07,0
../Images/DataSet\Good_028_Augment_04.png,0.9999986886978149,1.3618252978631062e-06,0
../Images/DataSet\Good_028_Augment_05.png,0.9999988079071045,1.1986543313469156e-06,0
../Images/DataSet\Good_028_Augment_06.png,1.0,7.998647078011345e-09,0
../Images/DataSet\Good_028_Augment_07.png,0.9999998807907104,8.010390928347988e-08,0
../Images/DataSet\Good_028_Augment_08.png,0.9999741315841675,2.584861431387253e-05,0
../Images/DataSet\Good_028_Augment_09.png,0.9999536275863647,4.642421117750928e-05,0
../Images/DataSet\Good_028_Augment_10.png,0.9997403025627136,0.00025964347878471017,0
../Images/DataSet\Good_028_Augment_11.png,0.9999057054519653,9.432130900677294e-05,0
../Images/DataSet\Good_028_Augment_12.png,0.9999994039535522,6.479815510829212e-07,0
../Images/DataSet\Good_028_Augment_13.png,0.9999924898147583,7.533225470979232e-06,0
../Images/DataSet\Good_028_Augment_14.png,0.9999982118606567,1.7765132724889554e-06,0
../Images/DataSet\Good_028_Augment_15.png,1.0,2.7008441705334008e-08,0
../Images/DataSet\Good_028_Augment_16.png,1.0,2.798998810504827e-09,0
../Images/DataSet\Good_028_Augment_17.png,0.9999997615814209,2.235592546639964e-07,0
../Images/DataSet\Good_028_Augment_18.png,0.9999645948410034,3.5446257243165746e-05,0
